<inspections profile_name="Project Default" version="1.0">
  <option name="myName" value="Project Default" />
  <option name="myLocal" value="true" />
  <inspection_tool class="MessDetectorValidationInspection" enabled="true" level="WEAK WARNING" enabled_by_default="true" />
  <inspection_tool class="PhpCSValidationInspection" enabled="true" level="WEAK WARNING" enabled_by_default="true" />
  <inspection_tool class="PhpUndefinedClassInspection" enabled="false" level="WARNING" enabled_by_default="false" />
  <inspection_tool class="SpellCheckingInspection" enabled="false" level="TYPO" enabled_by_default="false">
    <option name="processCode" value="true" />
    <option name="processLiterals" value="true" />
    <option name="processComments" value="true" />
  </inspection_tool>
</inspections>