<application>
  <component name="BaseRefactoringSettings">
    <option name="SAFE_DELETE_SEARCH_IN_COMMENTS" value="false" />
    <option name="RENAME_SEARCH_IN_COMMENTS_FOR_FILE" value="false" />
    <option name="RENAME_SEARCH_FOR_REFERENCES_FOR_DIRECTORY" value="false" />
    <option name="MOVE_SEARCH_FOR_REFERENCES_FOR_FILE" value="false" />
  </component>
  <component name="PhpRefactoringSettings">
    <option name="RENAME_CLASS_INHERITORS_AND_REATED_FILES" value="false" />
    <option name="RENAME_CLASS_IN_FILE" value="false" />
    <option name="RENAME_SEARCH_IN_COMMENTS_FOR_FIELD" value="true" />
    <option name="RENAME_SEARCH_NON_CODE_FOR_FIELD" value="true" />
    <option name="MOVE_NAMESPACE_SEARCH_IN_COMMENTS_AND_STRINGS" value="true" />
    <option name="MOVE_NAMESPACE_SEARCH_IN_TEXT_OCCURRENCES" value="true" />
  </component>
</application>