<application>
  <component name="GeneralSettings">
    <option name="showTipsOnStartup" value="false" />
    <option name="autoSaveIfInactive" value="true" />
    <option name="confirmExit" value="false" />
    <option name="confirmOpenNewProject2" value="0" />
    <option name="inactiveTimeout" value="5" />
    <option name="supportScreenReaders" value="true" />
  </component>
  <component name="Registry">
    <entry key="win.editor.thumb.darcula.fill.min" value="102" />
    <entry key="win.editor.thumb.darcula.alpha.delta" value="102" />
    <entry key="win.editor.thumb.default.fill.min" value="102" />
    <entry key="debugger.valueTooltipAutoShowOnSelection" value="true" />
    <entry key="win.editor.thumb.darcula.alpha.base" value="0" />
    <entry key="win.editor.thumb.default.fill.max" value="150" />
    <entry key="debugger.watches.in.variables" value="false" />
    <entry key="win.editor.thumb.default.alpha.base" value="0" />
    <entry key="win.editor.thumb.default.alpha.delta" value="102" />
    <entry key="ide.balloon.shadow.size" value="0" />
    <entry key="ide.experimental.ui" value="false" />
    <entry key="ide.experimental.ui.inter.font" value="false" />
    <entry key="debugger.new.tool.window.layout" value="false" />
    <entry key="idea.plugins.compatible.build" value="" />
  </component>
  <component name="StatusBar">
    <option name="widgets">
      <map>
        <entry key="CwmWireStatsWidgetFactory" value="false" />
        <entry key="Memory" value="true" />
        <entry key="PowerSaveMode" value="true" />
      </map>
    </option>
  </component>
</application>