<application>
  <component name="SshConfigs">
    <configs>
      <sshConfig host="p.zuko.pro" id="5a4dd081-49a7-4a02-9040-33908b515719" keyPath="D:\Z-Data\rsa-zuko-cdma-pri-openssh.key" port="6022" customName="TW | ROOT" nameFormat="CUSTOM" username="root">
        <option name="customName" value="TW | ROOT" />
      </sshConfig>
      <sshConfig connectionConfig="{&quot;serverAliveInterval&quot;:300}" host="p.zuko.pro" id="dc18532c-ad36-4edb-b27b-8f9d28baded5" keyPath="D:\Onedrive\Z-Data\rsa-zuko-cdmx-openssh.key" port="6022" customName="TW | Web" nameFormat="CUSTOM" username="web">
        <option name="customName" value="TW | Web" />
      </sshConfig>
      <sshConfig connectionConfig="{&quot;serverAliveInterval&quot;:300}" host="p.zuko.pro" id="8495cb92-df16-4b71-9e05-2c67f07fffae" keyPath="D:\Z-Data\rsa-zuko-cdmx-openssh.key" port="6022" customName="TW | Web 2" nameFormat="CUSTOM" username="web">
        <option name="customName" value="TW | Web 2" />
      </sshConfig>
    </configs>
  </component>
</application>