<keymap version="1" name="Default copy" parent="$default">
  <action id="$Redo">
    <keyboard-shortcut first-keystroke="shift ctrl z" />
    <keyboard-shortcut first-keystroke="shift alt back_space" />
    <keyboard-shortcut first-keystroke="ctrl y" />
  </action>
  <action id="AutoIndentLines">
    <keyboard-shortcut first-keystroke="ctrl i" />
  </action>
  <action id="ChangesView.Move" />
  <action id="CloneElement" />
  <action id="CloseAllEditors">
    <keyboard-shortcut first-keystroke="shift ctrl w" />
  </action>
  <action id="CloseContent">
    <keyboard-shortcut first-keystroke="ctrl f4" />
    <keyboard-shortcut first-keystroke="ctrl w" />
  </action>
  <action id="CodeInspection.OnEditor" />
  <action id="CommentByBlockComment">
    <keyboard-shortcut first-keystroke="shift ctrl slash" />
    <keyboard-shortcut first-keystroke="shift ctrl divide" />
    <keyboard-shortcut first-keystroke="shift ctrl q" />
  </action>
  <action id="CommentByLineComment">
    <keyboard-shortcut first-keystroke="ctrl slash" />
    <keyboard-shortcut first-keystroke="ctrl divide" />
    <keyboard-shortcut first-keystroke="ctrl q" />
  </action>
  <action id="Console.History.Browse" />
  <action id="Console.TableResult.NavigateAction" />
  <action id="Console.TableResult.Reload" />
  <action id="Diff.SelectedChange" />
  <action id="EditSource" />
  <action id="Editor Redo">
    <keyboard-shortcut first-keystroke="ctrl y" />
  </action>
  <action id="EditorDeleteLine" />
  <action id="EditorEscape" />
  <action id="EditorScrollToCenter" />
  <action id="EditorSelectWord">
    <keyboard-shortcut first-keystroke="ctrl numpad0" />
  </action>
  <action id="EditorToggleColumnMode">
    <keyboard-shortcut first-keystroke="shift alt i" />
  </action>
  <action id="EditorToggleUseSoftWraps">
    <keyboard-shortcut first-keystroke="ctrl alt r" />
  </action>
  <action id="EditorUnSelectWord">
    <keyboard-shortcut first-keystroke="ctrl alt numpad0" />
  </action>
  <action id="FileChooser.NewFolder">
    <keyboard-shortcut first-keystroke="alt insert" />
  </action>
  <action id="Generate">
    <keyboard-shortcut first-keystroke="alt insert" />
    <mouse-shortcut keystroke="alt button3" />
  </action>
  <action id="Git.Pull">
    <keyboard-shortcut first-keystroke="shift ctrl t" />
  </action>
  <action id="Github.Open.In.Browser">
    <keyboard-shortcut first-keystroke="shift ctrl g" />
  </action>
  <action id="GoogleItSelected" />
  <action id="GotoClass" />
  <action id="GotoFile" />
  <action id="GotoTest" />
  <action id="Images.ShowThumbnails" />
  <action id="ImplementMethods" />
  <action id="Javascript.Linters.JSCS.Fix">
    <keyboard-shortcut first-keystroke="shift ctrl alt g" />
  </action>
  <action id="LocalHistory.ShowHistory">
    <keyboard-shortcut first-keystroke="ctrl h" />
  </action>
  <action id="LocalHistory.ShowSelectionHistory">
    <keyboard-shortcut first-keystroke="ctrl h" />
  </action>
  <action id="NewDirectoryProject">
    <keyboard-shortcut first-keystroke="shift ctrl n" />
  </action>
  <action id="NewElement">
    <keyboard-shortcut first-keystroke="ctrl n" />
  </action>
  <action id="OpenDirectoryProject">
    <keyboard-shortcut first-keystroke="shift ctrl o" />
  </action>
  <action id="PublishGroup.SyncLocalVsRemoteWith">
    <keyboard-shortcut first-keystroke="shift ctrl alt y" />
  </action>
  <action id="QuickJavaDoc">
    <mouse-shortcut keystroke="alt button2" />
  </action>
  <action id="RearrangeCode">
    <keyboard-shortcut first-keystroke="ctrl alt i" />
  </action>
  <action id="RemoteHostView.EditRemoteFile">
    <keyboard-shortcut first-keystroke="shift ctrl alt o" />
  </action>
  <action id="ReopenClosedTab">
    <keyboard-shortcut first-keystroke="shift alt o" />
  </action>
  <action id="RevealIn">
    <keyboard-shortcut first-keystroke="shift ctrl alt e" />
  </action>
  <action id="RunDashboard.ShowConfigurations" />
  <action id="SaveAll">
    <keyboard-shortcut first-keystroke="ctrl alt s" />
  </action>
  <action id="SelectInRemoteHost">
    <keyboard-shortcut first-keystroke="shift alt q" />
  </action>
  <action id="ServiceView.ShowServices" />
  <action id="ShowBookmarks">
    <keyboard-shortcut first-keystroke="f11" />
  </action>
  <action id="ShowIntentionActions">
    <keyboard-shortcut first-keystroke="alt enter" />
    <keyboard-shortcut first-keystroke="f4" />
  </action>
  <action id="SwitchApply">
    <keyboard-shortcut first-keystroke="shift alt enter" />
  </action>
  <action id="SwitchDown">
    <keyboard-shortcut first-keystroke="shift alt down" />
  </action>
  <action id="SwitchLeft">
    <keyboard-shortcut first-keystroke="shift alt left" />
  </action>
  <action id="SwitchRight">
    <keyboard-shortcut first-keystroke="shift alt right" />
  </action>
  <action id="SwitchUp">
    <keyboard-shortcut first-keystroke="shift alt up" />
  </action>
  <action id="TextSearchAction" />
  <action id="ToggleBookmark">
    <keyboard-shortcut first-keystroke="shift f11" />
  </action>
  <action id="ToggleBookmarkWithMnemonic" />
  <action id="ToggleFindInSelection" />
  <action id="TypeHierarchy" />
  <action id="TypeHierarchyBase.BaseOnThisType" />
  <action id="Vcs.EditSource" />
  <action id="Vcs.MoveChangedLinesToChangelist" />
  <action id="WD.UploadCurrentRemoteFileAction">
    <keyboard-shortcut first-keystroke="ctrl s" />
  </action>
  <action id="XDebugger.JumpToSource" />
  <action id="osmedile.intellij.stringmanip.PopupChoiceAction">
    <keyboard-shortcut first-keystroke="shift alt m" />
  </action>
</keymap>