<keymap version="1" name="Windows copy" parent="$default">
  <action id="CommentByBlockComment">
    <keyboard-shortcut first-keystroke="shift ctrl slash" />
    <keyboard-shortcut first-keystroke="shift ctrl divide" />
    <keyboard-shortcut first-keystroke="shift ctrl q" />
  </action>
  <action id="CommentByLineComment">
    <keyboard-shortcut first-keystroke="ctrl slash" />
    <keyboard-shortcut first-keystroke="ctrl divide" />
    <keyboard-shortcut first-keystroke="ctrl q" />
  </action>
  <action id="FileChooser.NewFolder">
    <keyboard-shortcut first-keystroke="alt insert" />
  </action>
  <action id="GotoChangedFile" />
  <action id="GotoClass" />
  <action id="NewElement">
    <keyboard-shortcut first-keystroke="alt insert" />
    <keyboard-shortcut first-keystroke="ctrl n" />
  </action>
  <action id="QuickJavaDoc">
    <mouse-shortcut keystroke="alt button2" />
  </action>
</keymap>